text,embedding
"Medium Severity

[M-01]

 Incorrect implementation of Lender can result in lost tokens

MapleLoanInternals._sendFee should check returnData.length == 32 before decoding, otherwise if it returns bytes data, the abi.decode will return 0x20, result in lost tokens.[MapleLoanInternals.sol#L332-L344(https://github.com/maple-labs/loan/blob/main/contracts/MapleLoanInternals.sol#L332-L344)<brThis contract can test that when the function returns bytes data, abi.encode will decode the return value as 0x20.```soliditypragma solidity 0.8.7;contract A{    address public destination;    uint256 public number;    function convertA() external{        (bool su,bytes memory ret )= address(this).call(abi.encodeWithSelector(this.ret.selector));        number = ret.length;        destination = abi.decode(ret, (address));    }    function ret() public returns(bytes memory){        return ""0x74d754378a59Ab45d3E6CaC83f0b87E8E8719270"";    }}``````solidityfunction _sendFee(address lookup_, bytes4 selector_, uint256 amount_) internal returns (bool success_) {    if (amount_ == uint256(0)) return true;    ( bool success , bytes memory data ) = lookup_.call(abi.encodeWithSelector(selector_));+       if (!success || data.length != uint256(32)) return false;    address destination = abi.decode(data, (address));    if (destination == address(0)) return false;    return ERC20Helper.transfer(_fundsAsset, destination, amount_);}```[lucas-manuel (Maple Finance) confirmed, but disagreed with Medium severity and commented(https://github.com/code-423n4/2022-03-maple-findings/issues/16#issuecomment-1075306669):  This technically is true, but I consider this informational as this is an extreme edge case. The poolDelegate and mapleTreasury values are almost guaranteed to never change, and if they did it would be to an audited Maple implementation which would never use bytes memory to return the address.  This is a cool finding and we will address, but it is informational.[JGcarv (Maple Finance) resolved(https://github.com/code-423n4/2022-03-maple-findings/issues/16#ref-pullrequest-1178576266):  Fix: Check data length (maple-labs/loan#154)(https://github.com/maple-labs/loan/pull/154)[LSDan (judge) commented(https://github.com/code-423n4/2022-03-maple-findings/issues/16#issuecomment-1087997844):  Disagree with sponsor on the rating. This has external requirements and assets are not at direct risk, but it could result in a loss of funds.*","[-0.008956811390817165, 0.0018754653865471482, -0.0008960359846241772, -0.03841066733002663, -0.0197589248418808, 0.03477684035897255, -0.0323069766163826, -0.0025497102178633213, -0.04306650534272194, -0.03585563227534294, 0.032846372574567795, 0.03971657156944275, -0.02915576845407486, -0.008374831639230251, -0.008722599595785141, -0.004084504675120115, 0.00929038506001234, -0.008836156688630581, 0.029865499585866928, 0.004847466014325619, -0.011916391551494598, 0.030092613771557808, -0.028559595346450806, 0.011185367591679096, -0.0074521806091070175, -0.0028194081969559193, 0.02083771675825119, -0.020099595189094543, -0.01310874056071043, 0.0052094291895627975, 0.03480523079633713, -0.01794201135635376, -0.028119560331106186, -0.011171173304319382, -0.009737515822052956, -0.02130613848567009, 0.007036987692117691, -0.005362021271139383, 0.020795132964849472, -0.01863754913210869, 0.04593382030725479, 0.01836785115301609, -0.006753094960004091, 0.004662935622036457, -0.00024973676772788167, 0.028417648747563362, 0.0036728603299707174, -0.019404059275984764, -0.029922278597950935, 0.010731140151619911, 0.02779308520257473, 0.012895820662379265, -0.00830385833978653, 0.023364359512925148, -0.00447485689073801, 0.011653791181743145, 0.012058338150382042, 0.0060646552592515945, -0.024585098028182983, 0.0012606604723259807, 0.007267650216817856, 0.002107902429997921, -0.012391911819577217, 0.0020830619614571333, 0.012115116231143475, -0.01088728103786707, -0.004290326964110136, 0.008467096835374832, -0.012505468912422657, 0.0013591357273980975, 0.009134244173765182, -0.004151929169893265, 0.043180063366889954, 0.011639595963060856, 0.020482851192355156, -0.003442197572439909, 0.01100083813071251, -0.0006569451652467251, 0.017643924802541733, -0.009411039762198925, 0.028602179139852524, -0.0022090391721576452, -0.016934193670749664, 0.037786103785037994, 0.012178991921246052, -0.002547936048358679, 0.026813654229044914, 0.008566458709537983, -0.006479848176240921, -0.011171173304319382, 0.004038372077047825, 0.015330200083553791, 0.014904361218214035, 0.0010770175140351057, -0.005901417229324579, -0.0011311345733702183, -0.004453564994037151, 0.031086238101124763, -0.020979661494493484, 0.0016891609411686659, -0.011561525985598564, -0.010014311410486698, -0.0298371110111475, -0.01400300208479166, -0.032619260251522064, -0.00035996694350615144, -0.008140619844198227, -0.0012393685756251216, 0.016678689047694206, -0.016309630125761032, -0.020497044548392296, 0.0311714056879282, -0.011064713820815086, -0.013520384207367897, 0.0030500709544867277, 0.011178270913660526, 0.018694326281547546, 0.016678689047694206, -0.02309466153383255, -0.030092613771557808, 0.025891004130244255, 0.01745939441025257, 0.007480569649487734, -0.016621911898255348, 0.004854563158005476, -0.002358082914724946, 0.008218690752983093, -0.022313958033919334, -0.02756597101688385, -0.011568622663617134, 0.019404059275984764, 0.033272210508584976, 0.03650858625769615, 0.008672918193042278, 0.008637432008981705, 0.0135487737134099, -0.024272816255688667, -0.0057168868370354176, -0.028076976537704468, -0.02755177579820156, -0.0028850585222244263, 0.01041176076978445, -0.01537278387695551, 0.014734025113284588, -0.01819751411676407, -0.00851677730679512, 0.03628147393465042, -0.0034262286499142647, 0.01931888982653618, -0.018708521500229836, -0.021462280303239822, -0.002015637466683984, -0.010113673284649849, 0.015401173382997513, -0.008474193513393402, 0.012931307777762413, 0.01119246520102024, 0.0050781285390257835, -0.005926257930696011, -0.01595476269721985, -0.02779308520257473, 0.031284961849451065, 0.003470586845651269, 0.0011471034958958626, 0.027012379840016365, 0.021022245287895203, -0.02106483094394207, -0.005915611982345581, 0.011923489160835743, -0.019105970859527588, -0.02088030055165291, 0.020979661494493484, 0.005553648807108402, 0.029979057610034943, -0.007714780978858471, 0.043151672929525375, 0.015131475403904915, -0.015344394370913506, -0.01322229765355587, -0.005457834806293249, 0.003491878742352128, 0.022924326360225677, 0.019801508635282516, 0.02380439266562462, -0.014315283857285976, 0.02444315142929554, 0.009368455037474632, -0.01198736485093832, 0.019900869578123093, -0.0064443619921803474, 0.02401731349527836, 0.014244310557842255, -0.007090217433869839, 0.0042264508083462715, -0.5936762094497681, -0.0215616412460804, -0.0045174406841397285, 0.022257179021835327, -0.016721272841095924, 0.008339344523847103, 0.0063095130026340485, -0.000471971434308216, 0.004300972912460566, 0.01841043494641781, -0.001589798484928906, 0.014428840950131416, -0.005553648807108402, -0.03923395648598671, 0.010539512149989605, -0.014776608906686306, -0.004173221066594124, -0.000102522928500548, 0.012753874994814396, 0.00421225605532527, -0.03832549974322319, 0.033272210508584976, -0.01176025066524744, 0.017998790368437767, 0.009361358359456062, 0.002510674996301532, 0.017118722200393677, -0.01332165952771902, -0.009851072914898396, -0.0017627954948693514, -0.032619260251522064, -0.0170193612575531, 0.002507126424461603, -0.0027644040528684855, 0.049425698816776276, 0.008729697205126286, -0.018907247111201286, -0.009432331658899784, 0.014989528805017471, 0.0051313587464392185, -0.02958160825073719, -0.0067389002069830894, 0.021391306072473526, -0.010454344563186169, 0.007281844969838858, 0.007956089451909065, 0.018282683566212654, 0.02266882359981537, 0.003009261330589652, -0.004847466014325619, -0.015869595110416412, 0.0215616412460804, -0.008772280998528004, 0.02485479600727558, 0.004432273097336292, -0.005177490878850222, 0.046104155480861664, 0.016082515940070152, 0.010149160400032997, -0.0020830619614571333, -0.0024680912028998137, 0.00487230671569705, -0.031284961849451065, -0.01994345523416996, -0.023392749950289726, -0.016735468059778214, -0.0016935967141762376, 0.012420300394296646, 0.001454949495382607, -0.024329595267772675, 0.011866710148751736, 0.03452133759856224, 0.013051961548626423, 0.019815701991319656, 0.019631171599030495, 0.0014176885597407818, 0.022228790447115898, 0.008878740482032299, 0.003605435835197568, 0.03185274824500084, 0.008502583019435406, -0.012065434828400612, -0.02400311827659607, -0.005582037847489119, 0.008680015802383423, 0.00963105633854866, 0.007579931989312172, -0.016678689047694206, 0.03159724548459053, -0.01929050125181675, 0.03560012951493263, 0.000979429460130632, -0.008452901616692543, -0.022966910153627396, 0.010482734069228172, 0.014045585878193378, -0.0435207337141037, 0.008232885040342808, 0.011107297614216805, -0.019191138446331024, -0.030206171795725822, 0.03682086989283562, 0.025649694725871086, -0.006792130414396524, 0.026586540043354034, 0.01089437771588564, -0.007544445339590311, -0.014634663239121437, 0.03068878874182701, -0.027253689244389534, 0.0015223739901557565, -0.01242739800363779, 0.005883673671633005, -0.002235654043033719, -0.026118118315935135, -0.032392144203186035, 0.035344626754522324, 0.008772280998528004, 0.03247731178998947, -0.005386861972510815, 0.02178875543177128, 0.009737515822052956, 0.027977613732218742, 0.0016873865388333797, 0.007870921865105629, -0.0033676759339869022, 0.018012985587120056, -0.031029459089040756, 0.03525945916771889, 0.014265602454543114, -0.003603661432862282, 0.006941173691302538, 0.026955600827932358, -0.0023154988884925842, 0.012725485488772392, -0.013782985508441925, 0.008474193513393402, 0.0010832276893779635, 0.013804277405142784, -0.024982547387480736, -0.0003215970646124333, 0.0029436112381517887, 0.0006014974205754697, -0.049908317625522614, 0.008502583019435406, -0.003401388181373477, -0.009276190772652626, -0.012697095982730389, 0.004279680550098419, 0.019233722239732742, -0.024798016995191574, 0.0008024401613511145, -0.006994403433054686, 0.009141341783106327, -0.009694932028651237, -0.01880788430571556, 0.007636710535734892, -0.004513892345130444, -0.0026721390895545483, -0.0215616412460804, 0.005486224312335253, 0.01244868990033865, -0.014819192700088024, 0.008346442133188248, -0.014379159547388554, -0.030206171795725822, 0.014471424743533134, -0.004084504675120115, -0.020993856713175774, -0.014549494720995426, -0.00864452961832285, -0.007707683835178614, -0.0077218785881996155, 0.0034546179231256247, -0.014265602454543114, 0.03673570230603218, -0.009006492793560028, -0.01818332076072693, -0.017331643030047417, 0.006611148826777935, 0.011142783798277378, 0.026586540043354034, -0.015855401754379272, 0.015855401754379272, 0.02511029876768589, 0.016763856634497643, 0.02018476277589798, 0.013484898023307323, 0.01402429398149252, 0.01391073688864708, -0.021135803312063217, 0.01041176076978445, -0.0077999490313231945, 0.00453163543716073, -0.010830502025783062, 0.03383999690413475, 0.012093824334442616, -0.018665937706828117, -0.0043825916945934296, 0.014932749792933464, 0.03159724548459053, -0.006607600022107363, 0.011107297614216805, -0.010220132768154144, 0.0010060443310067058, -0.022938521578907967, 0.009247801266610622, -0.01770070381462574, 0.008772280998528004, 0.020951272919774055, 0.0020174116361886263, -0.008474193513393402, 0.004811979364603758, -0.0004433603899087757, 0.019900869578123093, 0.014819192700088024, 0.015174059197306633, 0.012193187139928341, 0.023605668917298317, -0.02285335399210453, -0.0040135313756763935, -0.0368492566049099, 0.021476473659276962, 0.0040099830366671085, 0.003117495449259877, 0.011071810498833656, 0.004520989488810301, -0.011518942192196846, -0.009680737741291523, -0.013825569301843643, 0.029553217813372612, 0.0007212646305561066, 0.018893051892518997, 0.01018464658409357, 0.03361288085579872, 0.029013821855187416, 0.016735468059778214, 0.013300367631018162, -0.0002455227368045598, -0.017871038988232613, 0.0071860309690237045, 0.0479210689663887, 0.020511239767074585, -0.014428840950131416, 0.014521106146275997, 0.002109676832333207, 0.011703471653163433, 0.03568529710173607, -0.00010174666385864839, 0.02440056763589382, -0.008765183389186859, 0.01882207952439785, -0.021419696509838104, -0.0009044640464708209, 0.027296273037791252, -0.00794189516454935, 0.00953879114240408, 0.024386374279856682, 0.031284961849451065, 0.01730325259268284, 0.012810653075575829, -0.004822625312954187, 0.003775771474465728, -0.008183203637599945, 0.021235166117548943, -0.008098036050796509, -0.023364359512925148, -0.015103085897862911, 0.00464519253000617, 0.009006492793560028, -0.0018577221781015396, -0.0257632527500391, -0.02066737972199917, 0.0024184100329875946, 0.03741704300045967, -0.0024467993061989546, 0.02062479592859745, 0.00863033439964056, 0.013491995632648468, -0.0158837903290987, -0.04655838385224342, 6.594819296878995e-06, 0.04692744463682175, 0.020738353952765465, -0.008722599595785141, -0.03469167277216911, -0.014790804125368595, 0.009354260750114918, 0.008843254297971725, -0.000493706960696727, -0.01301647536456585, -0.011476357467472553, 0.012959696352481842, 0.001633269595913589, 0.002562130568549037, 0.011178270913660526, 0.02799180895090103, 0.0011160527355968952, 0.00864452961832285, -0.0005154424579814076, 0.011646693572402, 0.002670364687219262, -0.035997580736875534, 0.01265451218932867, 0.03965979442000389, -0.005585586652159691, -0.010880183428525925, -0.003669311758130789, 0.015174059197306633, -9.81425546342507e-05, 0.029098989441990852, -0.0006063768523745239, -0.02644459530711174, -0.007146995980292559, 0.0061746640130877495, 0.017345836386084557, -0.01611090451478958, -0.003011035732924938, 0.022526877000927925, 0.007136350031942129, 0.009027784690260887, -0.020681574940681458, -0.010078187100589275, 0.0017512624617666006, 0.03315865620970726, 0.02888607047498226, 0.011504746973514557, 0.0036941522266715765, -0.009815585799515247, 0.018538186326622963, -0.02396053448319435, -0.009709126316010952, 0.0011586366454139352, 0.011646693572402, 0.017572950571775436, -0.004180318210273981, 0.0005265320069156587, 0.018282683566212654, 0.030319727957248688, -0.003963850438594818, 0.013193908147513866, -0.02440056763589382, 0.00667147571220994, -0.005408153869211674, 0.007100863382220268, -0.004794236272573471, 0.0049432795494794846, 0.022370735183358192, -0.016934193670749664, -0.009396844543516636, -0.0037935147993266582, 0.008105133660137653, 0.003436874598264694, -0.002278238069266081, -0.023690836504101753, 0.01444303523749113, 0.006667927373200655, 0.012320938520133495, -0.02153325267136097, 0.027438219636678696, 0.019176945090293884, -0.02892865426838398, 0.01659352146089077, -0.010617583058774471, 0.02468446083366871, 0.0098794624209404, -0.0011559751583263278, 0.013974612578749657, 0.030859123915433884, -0.01680644042789936, -0.03906362131237984, 0.029893890023231506, 0.01613929308950901, 0.018765300512313843, 0.03412389010190964, -0.00794189516454935, -0.02714013122022152, -0.005315888673067093, 0.01063887495547533, -0.009822683408856392, 0.007303136866539717, 0.0067601921036839485, 0.000596174446400255, 0.0019180492963641882, -0.025280635803937912, -0.04908502846956253, 0.0024592196568846703, -0.013868153095245361, -0.014620468020439148, -0.006238539703190327, -0.013946223072707653, -0.006618245970457792, -0.027935029938817024, 0.013967514969408512, -0.02960999682545662, -0.00842451211065054, -0.037729326635599136, -0.006575662177056074, 0.002386472187936306, 0.0009492658427916467, 0.023634057492017746, -0.028744123876094818, 0.026373621076345444, 0.00722861522808671, -0.007579931989312172, -0.019858285784721375, 0.011646693572402, -0.013520384207367897, 0.004932633601129055, 0.004989412147551775, 0.016267044469714165, -0.02492576837539673, -0.018296876922249794, 0.012888723984360695, -0.017530366778373718, 0.006376937497407198, 0.0031849199440330267, -0.007856727577745914, 0.015457951463758945, -0.027835668995976448, 0.0008481291006319225, 0.021149998530745506, -0.0012482402380555868, -0.01568506471812725, 0.013300367631018162, -0.010134965181350708, -0.03355610370635986, -0.003839647164568305, -0.01633801870048046, -4.042142609250732e-05, -0.020965468138456345, 0.0043045212514698505, 0.014620468020439148, -0.00894971378147602, 0.007572834845632315, -0.021661004051566124, -0.006316610146313906, -0.0066040512174367905, -0.003117495449259877, -0.008701307699084282, 0.0032044376712292433, 0.006919881794601679, -0.004396786447614431, -0.0014034940395504236, 0.006355645135045052, -0.03460650518536568, 0.026231674477458, 0.03222180902957916, -0.014776608906686306, -0.0014629339566454291, -0.002265817718580365, -0.020553823560476303, -0.012178991921246052, -0.009375552646815777, -0.03253408893942833, 0.0015152767300605774, -0.001014028792269528, 0.0006019410211592913, -0.014748220331966877, -0.011589914560317993, -0.012966793961822987, -0.00762251578271389, 0.013761693611741066, 0.007352818269282579, -0.017814259976148605, -0.0031973402947187424, -0.015443757176399231, -0.013811374083161354, 0.021618420258164406, -0.03227858617901802, -0.0317675806581974, 0.021462280303239822, 0.01639479771256447, 0.035742077976465225, -0.0071257040835917, 0.00678503280505538, -0.03474845364689827, -0.0052094291895627975, -0.0015135023277252913, -0.0036231791600584984, 0.018225904554128647, -0.012796458788216114, 0.010489830747246742, 0.017643924802541733, 0.047410063445568085, -0.005496870260685682, 0.038467444479465485, -0.005805603228509426, -0.010340787470340729, 0.01254095509648323, 0.0030855576042085886, -0.0028442488983273506, -0.020511239767074585, 0.011071810498833656, 0.0005864156410098076, 0.0038148066960275173, 0.012796458788216114, -0.013669428415596485, 0.0007554204203188419, 0.02200167626142502, -0.025209661573171616, 0.005525259301066399, -0.032136641442775726, -0.04187415540218353, -0.03313026577234268, -0.013059059157967567, -0.00012475748371798545, -0.01176025066524744, -0.04635965824127197, -0.029780331999063492, 0.03134174272418022, -0.010447246953845024, 0.0028779611457139254, 0.006990855094045401, 0.033981941640377045, -0.012349328026175499, 0.0037864174228161573, 0.022541072219610214, 0.017658118158578873, 0.027722110971808434, -0.020922884345054626, -0.0009403941803611815, -0.022555265575647354, -0.013030669651925564, -0.02714013122022152, 0.01031949557363987, 0.011547330766916275, 0.005461383610963821, 0.0038857797626405954, 0.012966793961822987, -0.023350166156888008, -0.019773118197917938, -0.002853120444342494, -0.03608274832367897, -0.008594848215579987, -0.02354888990521431, 0.008523874916136265, -0.021362917497754097, 0.019347280263900757, 0.026302648708224297, 0.005205880384892225, 0.03225019946694374, -0.031057849526405334, -0.015997346490621567, -0.021888118237257004, 0.01547214575111866, 0.01819751411676407, 0.0006343225250020623, 0.00019062943465542048, 0.021419696509838104, -0.013825569301843643, -0.043605901300907135, 0.01480499841272831, 0.027864057570695877, -0.007672197185456753, 0.016196072101593018, 0.002682785037904978, -0.007728975731879473, -0.022157816216349602, 0.03383999690413475, -0.013768790289759636, -0.022981105372309685, -0.04377623647451401, 0.012760971672832966, 0.010951156727969646, -0.0025000290479511023, -0.0009758807718753815, 0.0016740791033953428, -0.025621306151151657, 0.021604226902127266, -0.03182435780763626, -0.0142514081671834, -0.0015862497966736555, -0.023052077740430832, 0.011156979016959667, 0.02577744796872139, 0.00997882429510355, -0.013442314229905605, 0.012938404455780983, -0.024116676300764084, 0.004524538293480873, -0.00269520515576005, -0.006000779569149017, 0.031199796125292778, 0.014038488268852234, 0.03579885512590408, -0.005273304879665375, 0.02041187696158886, 0.012519663199782372, 0.012689998373389244, -0.009460720233619213, -0.011298924684524536, 0.00773607287555933, 0.029780331999063492, -0.030859123915433884, -0.012342230416834354, 0.011597012169659138, -0.003314445959404111, -0.0017619084101170301, -0.013619747012853622, -0.018523991107940674, -0.03386838734149933, -0.011916391551494598, -0.0011896874057129025, 0.020127983763813972, 0.011660887859761715, 0.009382650256156921, 0.003910620231181383, -0.02536580339074135, -0.014634663239121437, 0.004244194366037846, -0.03301670774817467, 0.021618420258164406, -0.007132801227271557, 0.012469981797039509, -0.008346442133188248, -0.004524538293480873, 0.018864663317799568, 0.010284009389579296, 0.0017956206575036049, -0.0006281123496592045, 0.035316236317157745, -0.03454972803592682, 0.014705636538565159, -0.031512077897787094, 0.0005664544296450913, -0.02308046817779541, -0.012973891571164131, -0.01931888982653618, -0.02912737987935543, -0.0006582759669981897, -0.02036929316818714, -0.02759435959160328, -0.02308046817779541, 0.006983757484704256, -0.0019215979846194386, -0.014620468020439148, 0.019233722239732742, 0.021802950650453568, 0.02039768174290657, 0.006110787857323885, 0.005567843560129404, -0.0009182150824926794, 0.029553217813372612, -0.015770234167575836, 0.008701307699084282, -0.006958917248994112, -0.024485735222697258, -0.004890049807727337, -0.003683506278321147, -0.00431516719982028, -0.011611206457018852, -0.033754829317331314, -0.024471541866660118, 0.040255967527627945, -0.008098036050796509, -0.024840600788593292, -0.020511239767074585, -0.00897100567817688, -0.00942523404955864, 0.006007876712828875, 0.010731140151619911, 0.03168241307139397, 0.0020919335074722767, 0.015117280185222626, 0.010475636459887028, -0.00594754982739687, 0.015869595110416412, -0.018339460715651512, -0.01571345515549183, -0.011284730397164822, 0.004407432395964861, -0.017615534365177155, -0.00025328542687930167, -0.03227858617901802, 0.0501922108232975, -0.0136836227029562, -0.015614092350006104, -0.028133755549788475, 0.0029081248212605715, -0.017771676182746887, -0.028133755549788475, -0.03787127137184143, 0.013726206496357918, 0.015074696391820908, -0.0030199075117707253, -0.0022090391721576452, 0.03579885512590408, -0.009361358359456062, 0.02647298388183117, -0.053002744913101196, 0.008743891492486, 0.017360031604766846, -0.01310874056071043, 0.019446643069386482, -0.009467817842960358, -0.011753153055906296, -0.02350630611181259, 0.012959696352481842, 0.03625308349728584, 0.02600456029176712, 0.03699120506644249, 0.0022604947444051504, -0.014208824373781681, -0.007214420475065708, 0.011951877735555172, 0.0033694501034915447, -0.026132313534617424, 0.010596291162073612, -0.04014241322875023, 0.008992297574877739, 0.011398287490010262, -0.008956811390817165, 0.004886501003056765, -0.012973891571164131, 0.01929050125181675, -0.0043577514588832855, -0.002732466207817197, -0.009105854667723179, 0.005252012982964516, -0.024130869656801224, -0.027707915753126144, 0.015599898062646389, 0.014904361218214035, -0.018964024260640144, -0.0070263417437672615, 0.00024308303545694798, -0.0031352387741208076, -0.022228790447115898, 0.01924791745841503, 0.009112952277064323, -0.021206775680184364, 0.023165635764598846, 0.01906338706612587, 0.00475874962285161, -0.01929050125181675, 0.01947503164410591, -0.008523874916136265, -0.004286778159439564, -0.01770070381462574, -0.018509795889258385, -0.05442221090197563, 0.029326103627681732, -0.021675199270248413, -0.04363429173827171, -0.023662447929382324, 0.004442919045686722, -0.009503304027020931, -0.0012943727197125554, -0.0025780994910746813, -0.02105063572525978, -0.018978219479322433, 0.006593405269086361, -0.01388944499194622, -0.005855284631252289, -0.03227858617901802, -0.005315888673067093, -0.009340066462755203, -7.113948959158733e-05, -0.014272700063884258, 0.19861125946044922, 0.0038857797626405954, -0.011426676996052265, 0.022981105372309685, -0.02036929316818714, 0.015188253484666348, -0.0017335191369056702, 0.0016155262710526586, -0.03179597109556198, 0.008956811390817165, -0.009091660380363464, 0.006997952237725258, 0.020326709374785423, -0.005745276343077421, 0.013009377755224705, 0.007565737701952457, -0.0019978941418230534, -0.020525434985756874, -0.006799227558076382, -0.00458841398358345, -0.016522549092769623, 0.0049432795494794846, 0.0034830071963369846, -0.007232163567095995, 0.0057168868370354176, -0.021121608093380928, 0.017871038988232613, 0.004811979364603758, -0.005741727538406849, 0.029950669035315514, -0.02088030055165291, -0.022299762815237045, 0.009709126316010952, -0.006852457299828529, -0.01333585474640131, -0.01267580408602953, -0.005202331580221653, -0.0068382625468075275, 0.018935635685920715, 0.01656513288617134, 0.015301810577511787, -0.0010512897279113531, -0.00543654290959239, -0.005397507920861244, -0.013953320682048798, 0.03046167455613613, -0.0009412813815288246, -0.027182715013623238, -0.03074556775391102, 0.011682179756462574, -0.025706473737955093, 0.020780937746167183, -0.010880183428525925, 0.012171894311904907, -0.00796318706125021, -0.015230837278068066, 0.01638060249388218, 0.00819030124694109, 0.002237428445369005, -0.005535905249416828, -0.030376506969332695, -0.012831944972276688, -0.007842532359063625, 0.05362730845808983, -0.03318704292178154, 0.025607110932469368, -0.01947503164410591, 0.014776608906686306, 0.024130869656801224, -0.007920603267848492, -0.006373388692736626, -0.008814864791929722, -0.00906327087432146, 0.011355703696608543, -0.03477684035897255, -0.013924931176006794, 0.022782379761338234, 0.024954158812761307, 0.016423186287283897, -0.0024521222803741693, -0.00470197107642889, -0.013747498393058777, -0.011852515861392021, -0.02354888990521431, -0.021107414737343788, -0.024727044627070427, 0.00599368242546916, -0.013641038909554482, 0.016451574862003326, 0.014634663239121437, 0.0012012205552309752, 0.0012100922176614404, 0.00013318554556462914, 0.0023829233832657337, -0.02530902437865734, -0.0032967026345431805, 0.02513868920505047, -0.002059995662420988, -0.02960999682545662, -0.028772514313459396, -0.027267882600426674, 0.09885139763355255, -0.011433773674070835, -0.030348118394613266, -0.011142783798277378, -0.016210267320275307, -0.006792130414396524, 0.025223856791853905, 0.0011240371968597174, -0.030575232580304146, -0.0051561989821493626, -0.055273886770009995, -0.022484293207526207, -0.015202447772026062, 0.010333689860999584, 0.025621306151151657, 0.026785265654325485, 0.00288328411988914, 0.012718387879431248, -0.004890049807727337, -0.006540175527334213, -0.01726066879928112, 0.0063308048993349075, 0.010624679736793041, -0.002358082914724946, -0.008814864791929722, 0.01636640727519989, -0.038211941719055176, -0.03366966173052788, -0.025876808911561966, 0.007856727577745914, -0.0009430556674487889, 0.03290314972400665, -0.025692278519272804, 0.007878019474446774, 0.005376216024160385, 0.01768650859594345, 0.01947503164410591, -0.019191138446331024, 0.01537278387695551, -0.0065437243320047855, 0.011270536109805107, 0.02106483094394207, -0.025181272998452187, -0.017615534365177155, -0.013612649403512478, 0.03162563592195511, 0.03293154016137123, -0.02803439274430275, -0.004794236272573471, -0.028091171756386757, -0.03929073363542557, 0.004890049807727337, 0.011242146603763103, 0.0010308849159628153, -0.02062479592859745, -0.019418252632021904, -0.02980872243642807, -0.0036480198614299297, -0.023818587884306908, -0.042271606624126434, 0.033300600945949554, 0.013811374083161354, -0.00025461617042310536, -0.028105366975069046, -0.007260553073137999, -0.181804820895195, -0.002734240610152483, -0.013385535217821598, -0.0041696722619235516, 0.012257062830030918, -0.023009493947029114, -0.01679224707186222, -0.013030669651925564, -0.02486899122595787, -0.010724042542278767, 0.008339344523847103, -0.003839647164568305, -0.01789942756295204, -0.02935449406504631, -0.038211941719055176, -0.012129310518503189, -0.03480523079633713, -0.01535858865827322, 0.029950669035315514, 0.02285335399210453, 0.029979057610034943, -0.02958160825073719, -0.01858077012002468, -0.0065224324353039265, 0.0075870295986533165, -0.005968841724097729, -0.024059897288680077, 0.02645878866314888, -0.021618420258164406, -0.007970284670591354, -0.033045098185539246, -0.008062549866735935, 0.007168287876993418, -0.007274747360497713, 0.02085191011428833, 0.01444303523749113, -0.004176769871264696, 0.012803555466234684, -0.004595511127263308, 0.008878740482032299, 0.008864546194672585, 0.028360869735479355, -0.01836785115301609, 0.018736910074949265, -0.02377600409090519, 0.021149998530745506, 0.024542514234781265, -0.007579931989312172, 0.009758807718753815, -0.0077431704849004745, 0.007359915412962437, -0.025720668956637383, 0.01795620657503605, 0.006103690713644028, 0.0012491274392232299, 0.011937683448195457, -0.006923430599272251, 0.008701307699084282, -0.020269930362701416, -0.014180434867739677, -0.011022130027413368, -0.014045585878193378, 0.03727509826421738, -0.010851793922483921, 0.01413785107433796, 0.005007155705243349, 0.0076651000417768955, 0.009709126316010952, -0.016763856634497643, 0.01633801870048046, -0.02350630611181259, -0.023208219558000565, 0.013924931176006794, -0.012917112559080124, 0.020071206614375114, 0.029411273077130318, -0.018566574901342392, 0.01706194505095482, -0.021348722279071808, -0.015344394370913506, -0.014549494720995426, 0.036196306347846985, -0.019120166078209877, -0.012980988249182701, -0.0112137570977211, 0.016210267320275307, 0.026103923097252846, 0.0029631289653480053, 0.04062502831220627, -0.011866710148751736, 0.005127809941768646, -0.009822683408856392, 0.019347280263900757, -0.009666542522609234, 0.02132033370435238, 0.02014217898249626, 0.0007052956498228014, 0.011710569262504578, -0.00028766304603777826, -0.0019854737911373377, -0.00762251578271389, -0.014010099694132805, -0.019105970859527588, 0.012072532437741756, 0.008374831639230251, -0.006536626722663641, -0.04281100258231163, -0.017331643030047417, 0.010383371263742447, -0.00965234823524952, -0.03139851987361908, -0.009574277326464653, 0.022271374240517616, 0.030632009729743004, -0.002831828547641635, 0.0212919432669878, -0.00028921556076966226, -0.026600735262036324, 0.027651138603687286, -0.0061782123520970345, 0.06058267876505852, -0.00794189516454935, -0.02963838540017605, 0.020269930362701416, 0.009893656708300114, 0.02756597101688385, -0.09845394641160965, -0.027168521657586098, -0.00616401806473732, 0.01075952872633934, -0.008715502917766571, 0.024315400049090385, -0.0004018854524474591, 0.04468469321727753, 0.002895704470574856, 0.010035603307187557, -0.055699724704027176, -0.035287849605083466, -0.012569344602525234, 0.006753094960004091, -0.00038103709812276065, -0.008374831639230251, -0.0097446134313941, 0.006848908495157957, 0.003846744541078806, 0.04553637281060219, -0.005173942539840937, -0.018012985587120056, 0.015827011317014694, -0.011838320642709732, 0.006866652052849531, -0.01859496533870697, -0.0425838865339756, 0.01278936117887497, 0.008594848215579987, 0.015500535257160664, 0.024343788623809814, -0.007473472505807877, 0.023222412914037704, 0.009666542522609234, 0.010567901656031609, -0.012831944972276688, -0.004886501003056765, -0.01612509973347187, 0.02739563398063183, -0.014563689939677715, 0.018921440467238426, 0.02130613848567009, -0.014535300433635712, 0.003243472892791033, 0.020355097949504852, -0.01100083813071251, -0.018935635685920715, 0.029326103627681732, -0.0070263417437672615, -0.02173197828233242, -0.059503886848688126, -0.01345650851726532, -0.0161534883081913, 0.02038348838686943, 0.05127100273966789, -0.007835435681045055, -0.00269520515576005, 0.03929073363542557, -0.014748220331966877, -0.0208235215395689, 0.01231384091079235, 0.0077999490313231945, -0.0014487393200397491, -0.011007934808731079, 0.023875366896390915, -0.006483396980911493, -0.020113790407776833, -0.03383999690413475, 0.02151905745267868, -0.021888118237257004, -0.01842462830245495, 0.029723554849624634, -0.00894971378147602, -0.00666082976385951, -0.03863777965307236, 0.009943338111042976, -0.011199562810361385, -0.022328151389956474, 0.004073858726769686, -0.012413203716278076, -0.0158837903290987, -0.013491995632648468, -0.027424024417996407, -0.016919998452067375, 0.027878252789378166, 0.030206171795725822, 0.019162749871611595, 0.014677247032523155, 0.03114301711320877, -0.03525945916771889, 0.010972448624670506, -0.00015048525528982282, 0.027707915753126144, -0.008332247845828533, -0.0004154146881774068, 0.01537278387695551, 7.35237481421791e-05, 0.006856006104499102, 0.002649072790518403, -0.020255737006664276, -0.034237444400787354, 0.010468538850545883, -0.043861404061317444, 0.05294596776366234, -0.005592683795839548, -0.009545888751745224, 0.0024663168005645275, -0.011270536109805107, -0.01730325259268284, -0.012384814210236073, 0.003358804155141115, 0.020482851192355156, -0.0268988236784935, 0.018509795889258385, -0.00027834781212732196, -0.0317675806581974, -0.005237818229943514, -0.01750197820365429, 0.007065376732498407, -0.027424024417996407, 0.026629125699400902, -0.012384814210236073, 0.00344929494895041, -0.0019712792709469795, 0.0006183535442687571, 0.012413203716278076, -0.022470097988843918, 0.002065318636596203, -0.016309630125761032, 0.03849583491683006, 0.003733187448233366, -0.006706962361931801, 0.010276911780238152, -0.006320158950984478, 0.004123539663851261, 0.028587983921170235, 0.012171894311904907, 0.006188858300447464, 0.012839042581617832, 0.009602666832506657, 0.03673570230603218, -0.03480523079633713, -0.007122155278921127, 0.0060646552592515945, 0.0059865848161280155, -0.002015637466683984, 0.0006733577465638518, -0.020241541787981987, -0.014634663239121437, 0.010695653036236763, 0.0018240099307149649, 0.0237618088722229, 0.035089123994112015, 0.01680644042789936, -0.02890026569366455, -0.026983991265296936, -0.013790082186460495, -0.02327919192612171, 0.01618187688291073, -0.013655233196914196, -0.014329478144645691, 0.0017370678251609206, 0.047864291816949844, 0.0016767405904829502, 0.0052094291895627975, -0.028375064954161644, 0.028346674516797066, -0.0023367907851934433, -0.030887514352798462, 0.037076372653245926, 0.014173337258398533, -0.034379392862319946, 0.0027164972852915525, 0.006721157114952803, 0.00024019974807742983, 0.0031192698515951633, 0.00986526720225811, 0.00241308705881238, 0.007707683835178614, 0.008374831639230251, -0.0019978941418230534, 0.01726066879928112, 0.020979661494493484, -0.01906338706612587, -0.013924931176006794, 0.015968957915902138, 0.0060433633625507355, 0.004368397407233715, 0.009297482669353485, 0.01222157571464777, -0.025181272998452187, 0.0019695048686116934, -0.028758319094777107, 0.014606273733079433, -0.011497650295495987, -0.00616401806473732, 0.011973169632256031, 0.007445082999765873, 0.009077465161681175, 0.02150486409664154, 0.03256247937679291, 0.0028974786400794983, 0.01435077004134655, 0.009680737741291523, -0.0013804277405142784, -0.024258621037006378, 0.008587750606238842, 0.01301647536456585, -0.062456369400024414, -0.030859123915433884, 0.01816912554204464, -0.02374761551618576, 0.008034160360693932, 0.01595476269721985, -0.019588587805628777, 0.028602179139852524, -6.199060590006411e-05, 0.0001341836032224819, 0.009666542522609234, -0.012115116231143475, -0.02398892305791378, 0.03855261206626892, 0.018949830904603004, 0.013442314229905605, 0.024968354031443596, -0.02289593778550625, 0.034379392862319946, -0.006291769444942474, 0.01682063564658165, -0.003743833629414439, -0.002599391620606184, -0.01254095509648323, -0.002696979558095336, -0.005865930579602718, -0.017828455194830894, -0.019631171599030495, 0.001753036747686565, 0.019659562036395073, -0.0030500709544867277, -0.020766742527484894, 0.01858077012002468, 0.06251315027475357, 0.040255967527627945, -0.003330414881929755, -0.011511844582855701, -0.0039922394789755344, 0.025507749989628792, -0.01815493032336235, 0.008992297574877739, 0.035486575216054916, -0.04369106888771057, 0.0012828396866098046, -0.021377112716436386, -0.00807674415409565, -0.02779308520257473, 0.0027147228829562664, 0.0024308303836733103, -0.0019322439329698682, 0.04099408909678459, -0.019915064796805382, 0.001981925219297409, -0.0007571947644464672, 0.05175361782312393, 0.02036929316818714, -0.0007141673122532666, 0.00027701706858351827, 0.00885035190731287, 0.0380416065454483, -0.00841741543263197, -0.008459999226033688, -0.011412481777369976, -0.009872364811599255, -0.019801508635282516, -0.017445199191570282, -0.0224275141954422, 0.007523153442889452, -0.02509610541164875, -0.0036320507060736418, -0.01616768352687359, 0.013371340930461884, 0.010837599635124207, -0.0054826755076646805, 0.011227952316403389, -0.02042607218027115, -0.02577744796872139, 0.018992414698004723, 0.010120770893990993, 0.003607210237532854, -0.008658723905682564, -0.04837529733777046]"
"Medium Severity

[M-02]

 Processes refinance operations may call malicious code by re-created refinancer contract

When an attacker (borrower) proposes a new term, the attacker can let a lender accept the malicious term which the lender doesn't expect.It uses delegatecall in `_acceptNewTerms` of MapleLoanInternals.sol. Though a lender can manually check refinancer contract before calling `acceptNewTerms`, the attacker (borrower) can still re-create a malicious contract on same address before the lender is calling `acceptNewTerms`, and trigger malicious code by delegatecall in `_acceptNewTerms`.In summary, an attacker can use CREATE2 to re-create a new malicious contract on same address. Here is CREATE2 exploit example: <https://x9453.github.io/2020/01/04/Balsn-CTF-2019-Creativity/1.  An attacker (borrower) first deploy a refinancer contract with normal refinance actions to cheat lenders. The refinancer have malicious constructor which can be hidden in inherited contracts.2.  The attacker call `proposeNewTerms`, specifying a refinancer contract, and monitor `acceptNewTerms` in Mempool.3.  When the attacker monitored a lender calls `acceptNewTerms`, then quickly pack these transactions:    1.  Destroy refinancer contract by calling selfdestruct    2.  Use CREATE2 to re-deploy a new refinancer contract with malicious code on same address    3.  The lender calls `acceptNewTerms`4.  Then a lender will execute malicious code of new refinancer contract.ethers.jsAlso check refinancer contract bytecodes in `_getRefinanceCommitment`:```solidityfunction _getRefinanceCommitment(address refinancer_, uint256 deadline_, bytes[] calldata calls_) internal pure returns (bytes32 refinanceCommitment_) {    return keccak256(abi.encode(refinancer_, deadline_, calls_, at(refinancer)));}function at(address _addr) public view returns (bytes memory o_code) {    assembly {        // retrieve the size of the code, this needs assembly        let size := extcodesize(_addr)        // allocate output byte array this could also be done without assembly        // by using o_code = new bytes(size)        o_code := mload(0x40)        // new ""memory end"" including padding        mstore(0x40, add(o_code, and(add(add(size, 0x20), 0x1f), not(0x1f))))        // store length in memory        mstore(o_code, size)        // actually retrieve the code, this needs assembly        extcodecopy(_addr, add(o_code, 0x20), 0, size)    }}```[lucas-manuel (Maple Finance) disputed and commented(https://github.com/code-423n4/2022-03-maple-findings/issues/23#issuecomment-1074468251):  Refinancer contracts are vetted by the smart contracts team. Any custom refinancer that is used will be able to have devastating consequences on the Loan as it performs custom delegatecalls. For this reason the assumption is made that Borrowers and Lenders will only use audited immutable Refinancer contracts that are deployed by the Maple Labs smart contracts team, and if not, they must be diligent enough to audit themselves or must accept any consequences.  This is not a valid issue.[LSDan (judge) commented(https://github.com/code-423n4/2022-03-maple-findings/issues/23#issuecomment-1087977993):  The report is valid. Given the potential danger involved, you should whitelist the allowable Refinancer contracts to protect your lenders. Issue stands.[lucas-manuel (Maple Finance) disagreed with High severity and commented(https://github.com/code-423n4/2022-03-maple-findings/issues/23#issuecomment-1088886675):  We're providing smart contracts team validated refinancers to the application for the lenders and borrowers to use. If they choose to use externally developed refinancers (something we want to support as it will allow for highly customizable logic between lenders and borrowers which is a feature not a bug), they must audit themselves.  If there is a selfdestruct contained in the contract, it can be immediately assumed to be malicious because of the exploit outlined above. Same goes for proxied refinancers and stateful refinancers.  I do not agree with this being a High Risk issue due to its very high degree of difficulty. The borrower would have to develop a smart contract with this exploit, submit it outside of the application, and convince the Pool Delegate to accept the refinancer address also outside of the application without an audit.  I think that this is an interesting finding and am not discounting it, but I highly disagree with severity.[LSDan (judge) decreased severity to Medium and commented(https://github.com/code-423n4/2022-03-maple-findings/issues/23#issuecomment-1089093596):  I see your point. This exploit has external requirements and so should be medium, but I do think this represents a significant attack vector should a lender act accidentally against their own best interests.*","[-0.017812397330999374, -0.005482675973325968, -0.01632923074066639, -0.02000114694237709, -0.019338762387633324, 0.02892894484102726, -0.03994469717144966, -5.051838797953678e-06, -0.03398323059082031, -0.03104569762945175, 0.05080205202102661, 0.034789614379405975, -0.010842954739928246, -0.016415627673268318, -0.0038411130663007498, 0.007754224352538586, 0.0207931287586689, -0.022276295349001884, 0.020893927663564682, -0.010763756930828094, -0.016458828002214432, 0.018978770822286606, -0.02155631221830845, -0.001237472053617239, -0.01234052050858736, 0.022319495677947998, 0.0160556361079216, -0.019554758444428444, -0.0311896950006485, -0.003304725280031562, 0.040751077234745026, -0.01373008918017149, -0.025329027324914932, -0.0007541829254478216, -0.03562479466199875, -0.0013778688153252006, -0.0016982615925371647, -0.0013517694314941764, -0.022621888667345047, -0.005767069291323423, 0.04291103035211563, 0.013571692630648613, -0.01232612133026123, -0.0005476375808939338, 0.009518184699118137, 0.015652446076273918, 0.014874863438308239, -0.010842954739928246, -0.00851740688085556, 0.016257232055068016, 0.0425078384578228, 0.023903459310531616, 0.009244590997695923, 0.047749318182468414, -0.012513317167758942, -0.007660626899451017, -0.01660282351076603, 0.004049908369779587, 0.004723093006759882, 0.0003892412059940398, -0.00039396609645336866, -0.0201883427798748, 0.00024996933643706143, 0.009762979112565517, 0.006505053024739027, 0.0032615261152386665, 0.0015893640229478478, 0.018863573670387268, -0.031304892152547836, -0.034300025552511215, 0.023601066321134567, 0.011512539349496365, 0.0360855832695961, -0.0118509316816926, 0.005389078054577112, -0.0013058704789727926, -0.0029357336461544037, -0.004489098209887743, 0.010605360381305218, -0.02201710268855095, 0.019309964030981064, 6.278763976297341e-06, -0.023615466430783272, 0.057022709399461746, 0.001162773696705699, -0.023629864677786827, 0.010511762462556362, 0.0061270613223314285, -0.020562734454870224, -0.008970997296273708, 0.00905019510537386, 0.020965926349163055, 0.03009531833231449, 0.021153122186660767, -0.039743099361658096, 0.0012077726423740387, -0.022607488557696342, 0.012700513005256653, -0.007595828268676996, -0.004175905603915453, -0.01779799722135067, 0.006343056447803974, -0.014514871872961521, -0.02005874551832676, -0.037323955446481705, 0.0018809573957696557, 0.00028146864497102797, -0.017394807189702988, 0.015897240489721298, -0.008431009016931057, 0.00016773369861766696, 0.01183653250336647, 0.00601546373218298, -0.008265413343906403, 0.019093967974185944, -0.0039815097115933895, 0.01039656437933445, -0.01749560423195362, -0.005684271454811096, -0.027719372883439064, 0.013787687756121159, 0.020173942670226097, -0.004006709437817335, -0.018877973780035973, 0.014738066121935844, -0.007783024106174707, -0.004708693362772465, -0.0026855391915887594, -0.02027474157512188, -0.014133280143141747, 0.016444427892565727, 0.028540154919028282, 0.013845286332070827, 0.015436450950801373, 0.005551074631512165, 0.014918062835931778, -0.026538599282503128, 0.0017441605450585485, -0.01602683775126934, -0.052184417843818665, 0.00710263941437006, 0.01432767603546381, -0.017538802698254585, 0.01596923917531967, -0.016041237860918045, -0.001985355047509074, 0.011750133708119392, 0.013686890713870525, -0.000342442246619612, -0.011642136611044407, -0.03355124220252037, 0.0009053795365616679, -0.00641505466774106, 0.002800736576318741, -0.009489385411143303, 0.02688419260084629, -0.004809491336345673, -0.00580306863412261, -0.04285342991352081, -0.0046258955262601376, 0.003808713750913739, 0.023615466430783272, 0.0009368787868879735, -0.009510984644293785, 0.006011864170432091, 0.02917373925447464, 0.010374965146183968, 0.004129106644541025, -0.007131438702344894, -0.013319699093699455, 0.005209082271903753, 0.0023777461610734463, -0.018546780571341515, 0.02318347617983818, 0.007340233772993088, 0.01581084169447422, 0.0038375132717192173, -0.015436450950801373, -0.012232523411512375, -0.012664513662457466, 0.002361546503379941, -0.009986174292862415, 0.021973902359604836, 0.053653184324502945, -0.0023471468593925238, 0.012182123959064484, 0.011980528943240643, -0.013031705282628536, -0.008143016137182713, -0.017567602917551994, 0.020533936098217964, 0.039771899580955505, -0.004172305576503277, -0.0020861527882516384, -0.6114677786827087, -0.021138722077012062, -0.002635140437632799, 0.0073258341290056705, -0.017567602917551994, 0.007862222380936146, 0.010979751124978065, 0.008704602718353271, -0.005813868250697851, 0.03222646936774254, -0.004161505959928036, 0.0044422997161746025, 0.0009773778729140759, -0.04547417163848877, 0.0013661690754815936, -0.026826592162251472, -0.0005885866703465581, -0.01847478188574314, 0.03712236136198044, 0.005155083257704973, -0.010785356163978577, 0.025458624586462975, -0.009935774840414524, -0.004129106644541025, 0.022146698087453842, -6.665474211331457e-05, -0.003259726334363222, 0.00029586831806227565, 0.011584538035094738, 0.009078994393348694, -0.017423605546355247, 0.008589405566453934, -0.01252051629126072, -0.0070126415230333805, 0.0489300936460495, -0.002008754527196288, -0.002287748269736767, 0.022492291405797005, 0.02449384517967701, 0.008812600746750832, -0.011015750467777252, 0.011418941430747509, 0.021239519119262695, 0.015263654291629791, 0.027042588219046593, 0.011994929052889347, 0.030008921399712563, -0.0024029456544667482, -0.0038123137783259153, -0.01469486765563488, -0.006893843878060579, 0.010986951179802418, -0.015436450950801373, 0.028036165982484818, -0.0026657397393137217, 0.0031769280321896076, 0.03170808404684067, -0.011879730969667435, 0.014946862123906612, 0.006008264143019915, 0.010742156766355038, 0.01635802909731865, -0.011944529600441456, -0.022189898416399956, -0.01553724892437458, -0.03550959751009941, -0.005903866607695818, 0.008733402006328106, -0.01183653250336647, -0.0011600737925618887, 0.015436450950801373, 0.021426714956760406, -0.004319902043789625, -0.011058949865400791, 0.007408632431179285, 0.01295250654220581, 0.028770549222826958, -0.00646905368193984, -0.0025865414645522833, 0.024234652519226074, 0.005295480135828257, -0.009208591654896736, -0.02155631221830845, -0.02266508713364601, 0.008654204197227955, 0.01966995559632778, 0.008049418218433857, -0.013319699093699455, 0.0019511558348312974, -0.0004277153348084539, 0.003833913244307041, -0.002705338876694441, 0.002964532934129238, -0.012729312293231487, 0.010202169418334961, 0.009323788806796074, -0.02504103258252144, 0.008978196419775486, 0.03689196705818176, -0.016185233369469643, -0.0033335245680063963, 0.025530623272061348, 0.01984275132417679, -0.02923133783042431, 0.026077810674905777, 0.008423808962106705, -0.0006907343631610274, 0.002361546503379941, 0.04452379420399666, -0.023226674646139145, -0.009244590997695923, 0.011865331791341305, -0.03009531833231449, 0.009935774840414524, 0.0073150345124304295, -0.026624998077750206, 0.02250669151544571, 0.004363101441413164, 0.011030150577425957, -0.024882636964321136, 0.014262877404689789, 0.01749560423195362, 0.009273390285670757, -0.002901534317061305, 0.014226878061890602, -0.019655555486679077, 0.027805771678686142, -0.02587621472775936, 0.02495463564991951, 0.001603763666935265, -0.0006511352839879692, -0.007145838346332312, 0.01227572187781334, 0.015407651662826538, 0.0014264676719903946, -0.004751892294734716, 0.012239723466336727, -0.001248271786607802, 0.004193905275315046, -0.025343427434563637, -0.007898221723735332, 0.004046308342367411, 0.007307834457606077, -0.011476540006697178, 0.0026045411359518766, -0.008834199979901314, -0.00923739094287157, -0.0013490695273503661, 0.0039743101224303246, 0.013492494821548462, -0.010828554630279541, 0.015897240489721298, 0.00790542084723711, 0.015321253798902035, -0.019137166440486908, -0.011282145045697689, 0.03067130595445633, -0.026063410565257072, -0.0028475355356931686, -0.0068038459867239, 0.0004394150455482304, 0.008467008359730244, -0.00813581608235836, -0.008200614713132381, -0.005993864499032497, -0.013089303858578205, 0.0010259767295792699, -0.016199633479118347, -0.015220455825328827, -0.050226062536239624, 0.0022823484614491463, -0.017783597111701965, -0.011037350632250309, 0.0015155656728893518, -0.0005899366806261241, 0.039282310754060745, -0.017783597111701965, -0.004636695142835379, -0.029346536844968796, 0.01684761792421341, 0.009496585465967655, 0.01250611711293459, -0.00594706553965807, -0.006389855407178402, 0.020533936098217964, 0.003927511163055897, 0.04092387482523918, 0.0035927186254411936, 0.01262851431965828, 0.025818616151809692, -0.021426714956760406, 0.01648762635886669, -0.01160613726824522, 0.00046978937461972237, -0.01858997903764248, 0.0026639397256076336, -0.006476253271102905, -0.0023795461747795343, 0.005601473152637482, 0.049189288169145584, 0.009496585465967655, 0.003059930866584182, 0.016343630850315094, -0.026567399501800537, -0.002948333276435733, -0.019929148256778717, 0.00043019026634283364, -0.030815303325653076, 0.029375335201621056, 0.024292251095175743, -0.014788465574383736, -0.03018171712756157, -0.00480229128152132, -0.001985355047509074, 0.016948416829109192, 0.01648762635886669, 0.023529067635536194, -0.0018413583748042583, 0.017322808504104614, -0.024105055257678032, 0.0005624872865155339, -0.013038905337452888, 0.03314805030822754, -0.000305768073303625, 0.012038127519190311, -0.010583760216832161, -0.0003777664387598634, -0.01624283194541931, -0.009258990176022053, -0.009424586780369282, 0.006076662335544825, 0.008481408469378948, 0.028424957767128944, 0.017697200179100037, 0.01197332888841629, 0.02838175743818283, 0.011937329545617104, 0.020692331716418266, 0.014608469791710377, -0.005216281861066818, 0.011793333105742931, 0.03818793594837189, 0.00862540490925312, 0.0011987729230895638, 0.0241626538336277, 0.0012626714305952191, 0.0182011891156435, 0.03864872455596924, 0.0038879120256751776, -0.00012093476107111201, -0.0062998575158417225, 0.029015343636274338, 0.003999509382992983, 0.010173370130360126, 0.015378852374851704, -0.0008671304094605148, 0.020101945847272873, 0.027258582413196564, 0.024263450875878334, 0.01929556392133236, -0.016458828002214432, 0.008654204197227955, -0.006235058885067701, -0.018129190430045128, 0.02201710268855095, -0.011130948550999165, -0.005367478355765343, -0.014529271051287651, 0.025329027324914932, -0.010022173635661602, -0.0014174679527059197, -0.00501468637958169, -0.005839067976921797, -0.0055978731252253056, 0.028367357328534126, -0.00641505466774106, 0.021700309589505196, -0.00428030313923955, 0.013089303858578205, -0.01560924667865038, -0.055985935032367706, -0.018949970602989197, 0.04455259069800377, 0.018373984843492508, 0.0013643691781908274, -0.008020618930459023, -0.004492698237299919, 0.002984332386404276, -0.006937043275684118, 0.009431786835193634, 0.013463695533573627, -0.0018314585322514176, 0.009338188916444778, -0.012923707254230976, -0.01893557235598564, -0.016401229426264763, 0.03461681678891182, -0.013391696847975254, -0.008618204854428768, -0.011541338637471199, 0.027272982522845268, 0.028972145169973373, -0.008611004799604416, 0.0035963186528533697, 0.032860055565834045, -0.005795869044959545, -0.015940438956022263, -0.0017612602096050978, -0.01586844027042389, -0.005637472495436668, 0.0296633280813694, 0.02825216017663479, -0.00561227323487401, -0.023615466430783272, -0.003797914134338498, -0.001700961496680975, 0.004892289172858, -0.011181347072124481, -0.005968664772808552, 0.012239723466336727, 0.021109921857714653, -0.018877973780035973, 0.01409728080034256, -0.00045606467756442726, 0.055093154311180115, 0.03306165337562561, -0.005983064416795969, 0.005864267237484455, -0.01298130676150322, 0.0033281247597187757, -0.014118880964815617, -0.016674822196364403, 0.020346740260720253, -0.011793333105742931, 0.022593088448047638, 0.0027125386986881495, 0.007948620244860649, 0.019857151433825493, 0.03205367550253868, 0.0029699327424168587, 0.004539497196674347, -0.00161726342048496, 0.00028461855254136026, -0.022348294034600258, 0.0036539172288030386, -0.023773862048983574, 0.007055840454995632, 0.019857151433825493, -0.01932436227798462, -0.003405523020774126, 0.007919820956885815, 0.012880508787930012, 0.012534916400909424, -0.002262548776343465, -0.017884396016597748, -0.005633872468024492, 0.009705380536615849, 0.007934220135211945, -0.0005777869373559952, 0.010986951179802418, 0.001628963160328567, 0.008647004142403603, -0.005075884982943535, -0.015249255113303661, 0.01920916512608528, 0.0011204746551811695, 0.016444427892565727, 0.009561384096741676, 0.027503376826643944, -0.013622092083096504, -0.019713154062628746, 0.026351403445005417, -0.008582205511629581, -0.010670159012079239, 0.04728852957487106, -0.0023471468593925238, -0.05494915693998337, 0.0037259156815707684, -0.005993864499032497, 0.003329924773424864, 0.014025283046066761, 0.0038051139563322067, -0.005565474275499582, -0.013046104460954666, -0.020073145627975464, -0.05074445158243179, 0.0005597873241640627, -0.005497075617313385, -0.01776919886469841, -0.002217549830675125, -0.01510525867342949, -0.012650113552808762, 0.00117537344340235, 0.007070240098983049, -0.010533361695706844, -0.02452264539897442, -0.03165048360824585, 0.018402783200144768, 0.012671713717281818, 0.010202169418334961, -0.0008230313542298973, -0.015926038846373558, 0.02244909293949604, 0.028885746374726295, -0.0200299471616745, -0.02465224266052246, 0.005205482244491577, -0.03257206454873085, 0.011994929052889347, 0.0002387196000199765, -0.020505135878920555, -0.024580243974924088, -0.0042155045084655285, 0.009042995050549507, -0.0056482721120119095, -0.0041471063159406185, 0.0003417672705836594, -0.011735734529793262, -0.00010299142013536766, -0.00671384809538722, 0.026509800925850868, 0.03277365863323212, -0.006087462417781353, -0.013384496793150902, -0.005356678739190102, -0.017639601603150368, -0.023586666211485863, -0.0004196155059617013, -0.009258990176022053, 0.007174637634307146, 0.006548251956701279, 0.01319730095565319, -0.001421967870555818, -0.01270771212875843, -0.0001482716470491141, -0.010425363667309284, 0.0014714667340740561, 0.014889263547956944, 0.01015176996588707, -0.00433430215343833, 0.004877889528870583, 0.0018935571424663067, -0.011008551344275475, 0.011152547784149647, 0.019914750009775162, -0.00807101745158434, 0.02201710268855095, 0.022146698087453842, -0.027992967516183853, 0.006425854749977589, 0.011087749153375626, -0.020893927663564682, -0.015206055715680122, 0.00891339872032404, -0.03573999181389809, 0.023989858105778694, -0.010338965803384781, -0.02152751386165619, -0.011692535132169724, -0.01244851853698492, 0.005745470058172941, -0.01164933666586876, -0.011109348386526108, 0.005684271454811096, -0.01621403358876705, -0.0005516874953173101, -0.021973902359604836, -0.027172185480594635, 0.021916303783655167, -0.034847211092710495, -0.01638682931661606, 0.03573999181389809, -0.005338679067790508, 0.019367562606930733, -0.016458828002214432, -0.006854244973510504, -0.019655555486679077, -0.009006996639072895, -0.016314830631017685, -0.00917259231209755, -0.00825821328908205, 0.00013848436356056482, 0.014522070996463299, 0.03064250759780407, 0.039253510534763336, 0.014126080088317394, 0.028511354699730873, -0.0022067499812692404, 0.005615872796624899, 0.005543874576687813, 0.014234078116714954, 0.004078707657754421, -0.008618204854428768, 0.019554758444428444, 0.017927594482898712, 0.01858997903764248, -0.00017167111218441278, -0.0342424251139164, -0.0011177747510373592, 0.018647577613592148, -0.0324280671775341, -0.008733402006328106, -0.02862655185163021, -0.043227821588516235, -0.01905076950788498, -0.0020375538151711226, -0.0015533649129793048, -0.004575496539473534, -0.04337181895971298, -0.00813581608235836, 0.041759055107831955, -0.019165966659784317, 0.03671916946768761, 0.014147680252790451, 0.014493271708488464, -0.011886931024491787, 0.008445409126579762, 0.03006651997566223, 0.029058542102575302, 0.005126283969730139, -0.019957948476076126, -0.007977419532835484, -0.012210924178361893, 0.004676294047385454, -0.011490940116345882, 0.00604786304756999, -0.01663162373006344, -0.008416609838604927, 0.0022913480643182993, 0.013110903091728687, -0.009496585465967655, -0.02329867333173752, 0.00722503662109375, -0.02100912481546402, 0.00222834968008101, -0.029404135420918465, -0.023802662268280983, -0.025127431377768517, 0.022405892610549927, 0.0066022505052387714, -0.01761080138385296, 0.016746820881962776, -0.0194251611828804, -0.01657402515411377, -0.015911640599370003, 0.013722889125347137, 0.02859775349497795, -0.01470926683396101, 0.013744489289820194, 0.01923796534538269, 0.015119657851755619, -0.01624283194541931, 0.0050470856949687, 0.017466804012656212, -0.013406096957623959, 0.028050566092133522, 0.0029789325781166553, -0.02394665777683258, -0.021541912108659744, 0.027503376826643944, -0.013082103803753853, -0.00031634283368475735, -0.02746017836034298, 0.02098032459616661, 0.0038231133949011564, 0.012599715031683445, -0.019914750009775162, -0.008985396474599838, -0.03055610880255699, 0.013254900462925434, -0.028943344950675964, 0.015422050841152668, 0.002843935741111636, -0.009978974238038063, -0.011620537377893925, 0.0403766855597496, 0.02312587760388851, -0.007333034183830023, 0.004629495088011026, -0.01602683775126934, -0.017394807189702988, 0.009986174292862415, -0.006641849875450134, 0.005493475589901209, -0.0028601353988051414, 0.018661977723240852, -7.863571954658255e-05, -0.004319902043789625, 0.005389078054577112, -0.00891339872032404, -0.00519108260050416, -0.0033245247323065996, -0.00012520966993179172, 0.03703596070408821, 0.005749070085585117, 0.012786910869181156, 0.02504103258252144, -0.013506893999874592, 0.008488607592880726, -0.018546780571341515, -0.0004335652047302574, -0.02911614067852497, -0.007016241084784269, 0.0030995297711342573, 0.026063410565257072, 0.03959910571575165, -0.016530826687812805, -0.0021095522679388523, -0.023385070264339447, -0.009374188259243965, -0.009813377633690834, -0.015148457139730453, 0.035365600138902664, -0.00825821328908205, 0.006141460966318846, 0.0033965231850743294, -0.019396360963582993, 0.017078014090657234, 0.01624283194541931, 0.01776919886469841, 0.006245858501642942, 0.060997020453214645, -0.028482556343078613, 0.008423808962106705, -0.019410761073231697, 0.005745470058172941, 0.0038987118750810623, 0.005507875233888626, 0.005615872796624899, 0.009266190230846405, -0.001359869260340929, -0.013686890713870525, -0.0419030524790287, -0.022765884175896645, -0.007304234895855188, 0.005774269346147776, -0.002705338876694441, 0.0026639397256076336, 0.02278028428554535, 0.00851740688085556, 0.0037007161881774664, -0.00015963388432282954, 0.02005874551832676, 0.01785559579730034, -0.021585112437605858, -0.003574719186872244, -0.013031705282628536, -0.00910059455782175, 0.007423032075166702, -0.03375283628702164, -0.019223565235733986, -0.008697403594851494, -0.030757704749703407, -0.018157988786697388, 0.02957693114876747, 0.0024893437512218952, -0.0015335653442889452, -0.017394807189702988, -0.0013814687263220549, -0.0014876663917675614, -0.0012752711772918701, 0.001591164036653936, 0.023658664897084236, -0.021945104002952576, 0.02253548987209797, 0.014277276583015919, -0.012131725437939167, -0.006199059542268515, -0.012880508787930012, -0.02275148592889309, -0.01679001934826374, -0.003855512710288167, -0.025098633021116257, -0.006098262034356594, -0.06664169579744339, 0.08213574439287186, -0.00452509755268693, -0.003461321583017707, -0.025401026010513306, -0.001224872306920588, -0.01752440258860588, -0.016170833259820938, -0.031794480979442596, 0.015090858563780785, 0.03815913572907448, 0.0006704848492518067, -0.01975635252892971, 0.02566021867096424, -0.014550871215760708, 0.004125506617128849, -0.04348701611161232, 0.020994724705815315, 0.0189643707126379, -0.014241278171539307, 0.01614203490316868, 0.0061882599256932735, -0.04112546890974045, 0.0014957661041989923, 0.02242029272019863, 0.03850472718477249, 0.007480630651116371, 0.02321227453649044, -0.012930907309055328, -0.013528494164347649, 0.00891339872032404, 0.0194251611828804, 0.0006812845822423697, -0.008920597843825817, 0.013146902434527874, -0.05206922069191933, 0.022146698087453842, 0.014075681567192078, -0.0016208633314818144, -0.001628963160328567, -0.013269299641251564, 0.008776601403951645, -0.01844598352909088, -0.008114216849207878, 0.005252281203866005, -0.005759869702160358, -0.01638682931661606, -0.020692331716418266, 0.02375946193933487, -0.005605073180049658, 0.004363101441413164, 0.0055258749052882195, 0.0025541421491652727, -0.00868300348520279, -0.010972552001476288, 0.012844509445130825, 0.015378852374851704, -0.034444019198417664, 0.027272982522845268, 0.007221436593681574, -0.00464749475941062, -0.011166946962475777, 0.021657109260559082, 0.009791778400540352, -0.016098836436867714, 0.0013616691576316953, -0.02242029272019863, -0.031823281198740005, 0.01434207521378994, -0.010576561093330383, -0.035768792033195496, -0.04040548577904701, -0.01334849838167429, -0.009791778400540352, 0.004658294375985861, -0.014176479540765285, -0.0072538359090685844, 0.015494049526751041, 0.007689426187425852, -0.01978515274822712, -0.011670935899019241, -0.025055432692170143, -0.0013976683840155602, -0.024119453504681587, 0.006609450560063124, -0.003182328073307872, 0.2110416293144226, -0.003023931523784995, 0.0030761302914470434, 0.03553839772939682, -0.02743138000369072, 0.0036575172562152147, -0.0021959503646939993, -0.003011331893503666, -0.029836125671863556, 0.024292251095175743, 0.016934016719460487, 0.00990697555243969, 0.00729343481361866, -0.0012068727519363165, 0.016588425263762474, 0.037727147340774536, -0.010547761805355549, -0.023989858105778694, -0.004521497525274754, -0.011022950522601604, 0.01663162373006344, 0.024018656462430954, -0.007217836566269398, -0.006454654037952423, 0.002782737137749791, 0.004741092678159475, -0.00831581186503172, -0.00482389098033309, 0.00850300770252943, 0.019353162497282028, -0.01250611711293459, 0.015638045966625214, 0.0031067298259586096, -0.0005912866326980293, 0.004618695471435785, -0.011037350632250309, 0.014630069024860859, -0.011282145045697689, 0.0188059750944376, 0.019309964030981064, 0.02342827059328556, 0.002374146366491914, 0.007509429939091206, -0.010605360381305218, -0.007531029637902975, 0.010576561093330383, -0.006749847438186407, -0.017135612666606903, -0.009251791052520275, 0.001065575866959989, -0.03418482840061188, 0.006893843878060579, 0.012736511416733265, 0.018143588677048683, 0.003819513600319624, 0.0013319698628038168, 0.01258531492203474, 0.0077398247085511684, 0.012671713717281818, -0.011159747838973999, -0.01208132691681385, -0.006274658255279064, -0.006883044261485338, 0.036258380860090256, -0.03352244198322296, 0.03061370737850666, -0.007862222380936146, -0.0004972387687303126, 0.01654522493481636, -0.014745266176760197, -0.014356475323438644, 0.00013072203728370368, -0.012858908623456955, 0.010238168761134148, -0.011339743621647358, -0.005626672878861427, -0.013557293452322483, 0.011267744936048985, 0.02364426478743553, 0.026466600596904755, -0.011476540006697178, -0.012239723466336727, -0.0012554716086015105, -0.0194251611828804, -0.0053458791226148605, -0.016804419457912445, 0.006551851984113455, -0.006728247739374638, -0.0017882594838738441, 0.004377501085400581, -0.00455749686807394, -0.026005811989307404, -0.011274944990873337, -0.016343630850315094, -0.03009531833231449, 0.0036791167221963406, 0.015191656537353992, 0.018330784514546394, -0.017078014090657234, -0.021613910794258118, -0.038821522146463394, 0.09227310866117477, 0.012801310047507286, -0.00012408469046931714, -0.022578688338398933, -0.015206055715680122, 0.007754224352538586, 0.016934016719460487, 0.009489385411143303, -0.025602620095014572, -0.003049131017178297, -0.022866683080792427, 0.006674249190837145, -0.010245367884635925, -0.002176150679588318, 0.03398323059082031, -0.001983555033802986, -0.00643665436655283, -0.001286070910282433, -0.005363878794014454, -0.011562938801944256, -0.016185233369469643, 0.006919043604284525, 0.004942688159644604, -0.011642136611044407, -0.014226878061890602, -0.011526939459145069, -0.017020415514707565, -0.02100912481546402, -0.0041039069183170795, 0.032917656004428864, 0.01367249060422182, 0.030959298834204674, -0.021297117695212364, 0.001848558196797967, -0.0061882599256932735, 0.01951155811548233, -0.00355131970718503, 0.00271793850697577, 0.010979751124978065, 0.005273880902677774, -0.0041543059051036835, 0.008085416629910469, -0.0008545306627638638, -0.019065167754888535, -0.0165164265781641, 0.012592514976859093, 0.025530623272061348, -0.009302189573645592, -0.02639460191130638, -0.03167928382754326, -0.02743138000369072, 0.007459031417965889, -0.006937043275684118, 0.003302925266325474, -0.026812193915247917, -0.022981880232691765, -0.01779799722135067, 0.0005336879403330386, -0.030498510226607323, -0.05451716482639313, 0.033378444612026215, -0.0006205359823070467, 0.026351403445005417, -0.028180163353681564, 0.00461149588227272, -0.18638938665390015, -0.005745470058172941, 0.011037350632250309, 0.0022499491460621357, 0.021124321967363358, -0.01984275132417679, -0.015119657851755619, -0.00910059455782175, -0.010007773526012897, -0.010562160983681679, 0.01676122099161148, -0.021369116380810738, -0.01700601540505886, -0.03300405293703079, -0.016775621101260185, -0.008481408469378948, -0.013766088522970676, 0.001556064817123115, 0.017049213871359825, -0.00013555942859966308, 0.02324107475578785, -0.039311110973358154, -0.009654982015490532, -0.008632604964077473, 0.015738843008875847, -0.012743711471557617, -0.023327471688389778, 0.007271835580468178, -0.0023183475714176893, -0.014363675378262997, -0.027229784056544304, -0.0016955616883933544, 0.016444427892565727, 0.005918266251683235, 0.02862655185163021, -0.00022611988242715597, 0.006242258939892054, 0.0031067298259586096, -0.004366701003164053, 0.003405523020774126, 0.023385070264339447, 0.013701289892196655, 0.024119453504681587, 0.005968664772808552, -0.039800699800252914, 0.02825216017663479, 0.0321112722158432, -0.017999593168497086, 0.009208591654896736, -0.01630043052136898, 0.023097077384591103, -0.00340192299336195, 0.00482389098033309, 0.011318144388496876, 0.02422025240957737, 0.0012833710061386228, -0.005194682627916336, -0.016833219677209854, -0.008848600089550018, -0.007711025420576334, -0.021023524925112724, -0.008063817396759987, 0.025833016261458397, -0.009028595872223377, 0.0018026592442765832, -0.022161098197102547, 0.008726202882826328, -0.002757537644356489, -0.029130540788173676, 0.024724241346120834, -0.03216887265443802, -0.0017405606340616941, -0.0013859686441719532, -0.010418164543807507, 0.02685539238154888, 0.022895481437444687, 0.0054574767127633095, 0.017236409708857536, -0.002582941669970751, -0.018273185938596725, -0.009626181796193123, 0.045128580182790756, -0.01021656859666109, -0.019065167754888535, -0.011080549098551273, 0.011570137925446033, 0.012196524068713188, -0.0021131522953510284, 0.02737378142774105, 0.00026864392566494644, 0.015911640599370003, -0.030239315703511238, 0.003563919337466359, -0.026106609031558037, -0.004240704234689474, 0.018143588677048683, 0.031880877912044525, 0.00031656783539801836, 0.017150012776255608, -0.002780937124043703, 0.007235836237668991, 0.0014111680211499333, -0.019122768193483353, 0.01575324311852455, -0.0014975661179050803, -0.007826223038136959, -0.0264522023499012, -0.00827261246740818, 0.026538599282503128, -0.03602798655629158, -0.017740398645401, 0.0035927186254411936, 0.014759666286408901, 0.00990697555243969, -0.015378852374851704, 0.009899776428937912, -0.006055063102394342, -0.017725998535752296, 0.009942974895238876, 0.011210146360099316, 0.06036343425512314, 0.002960932906717062, 0.006566251628100872, 0.01684761792421341, 0.022218696773052216, 0.01923796534538269, -0.10379285365343094, -0.010317366570234299, -0.011058949865400791, 0.005201882217079401, -0.018546780571341515, 0.004589896183460951, 0.0036809167359024286, 0.02290988154709339, 0.004179505631327629, 0.011037350632250309, -0.03064250759780407, -0.010972552001476288, -0.014457273297011852, 0.012412519194185734, 0.009546983987092972, -0.007091839332133532, -0.008783801458775997, -0.007502230349928141, 0.004463898949325085, 0.03726635500788689, -0.022621888667345047, -0.020562734454870224, -0.002363346517086029, -0.009568583220243454, 0.008409409783780575, 0.0024821439292281866, -0.03058490715920925, 0.0253866259008646, -0.011037350632250309, 0.014212478883564472, 0.014306075870990753, -0.010734956711530685, 0.02620740793645382, -0.005155083257704973, -0.007052240427583456, -0.01853238046169281, -0.0004913888988085091, -0.021873105317354202, 0.02465224266052246, -0.0321112722158432, 0.029922522604465485, 0.04939088225364685, 0.009071794338524342, 0.007963019423186779, -0.002548742340877652, -0.0015632646391168237, -0.025847414508461952, 0.020865127444267273, -0.012887708842754364, -0.01994354836642742, -0.039743099361658096, -0.00891339872032404, -0.008431009016931057, 0.0008999796118587255, 0.03893671929836273, -0.012477317824959755, 0.00641505466774106, 0.030901700258255005, -0.0366903692483902, -0.01264291349798441, 0.004417099989950657, -0.0019763552118092775, -0.014075681567192078, -0.023572266101837158, 0.006620250176638365, -0.019986748695373535, -0.008740602061152458, -0.033320847898721695, 0.020173942670226097, -0.016199633479118347, -0.008229414001107216, 0.02541542425751686, -0.023053878918290138, -0.009532583877444267, -0.030757704749703407, 0.0061774603091180325, -0.001690161763690412, -0.023413870483636856, 0.010763756930828094, -0.026783393695950508, -0.011562938801944256, -0.01001497358083725, -0.003380323527380824, -0.02898654341697693, 0.010850154794752598, 0.01559484750032425, 0.008222213946282864, 0.006397055462002754, 0.006119861733168364, -0.045214977115392685, -0.0003417672705836594, 0.0039131115190684795, 0.0042695035226643085, -0.005533074960112572, 0.009561384096741676, 0.030037719756364822, -0.008337411098182201, 0.005583473481237888, 0.004427899606525898, 0.002876334823668003, -0.026740195229649544, 0.0027881369460374117, -0.05820348486304283, 0.02898654341697693, -0.021973902359604836, -0.019309964030981064, -0.008222213946282864, -0.018906772136688232, 0.025516223162412643, -0.006134261377155781, -0.0224778912961483, 0.01213892549276352, -0.026437802240252495, 0.036287177354097366, 0.00011137247929582372, -0.02345706894993782, -0.011181347072124481, -0.00594706553965807, 0.005759869702160358, -0.03144888952374458, 0.012290121987462044, 0.007948620244860649, -0.0012068727519363165, -0.01446447242051363, -0.007747024763375521, 0.030930500477552414, -0.005043485667556524, -0.0026027411222457886, -0.019828351214528084, 0.03061370737850666, -0.005921865813434124, -0.008107016794383526, -0.01981395110487938, -0.019569156691432, 0.007336634211242199, 0.013629291206598282, -0.0008333811420015991, 0.009316588751971722, 0.016718022525310516, 0.012822910211980343, 0.01926676370203495, -0.007232236210256815, -0.019353162497282028, -0.019713154062628746, -0.014673268422484398, 0.01733720861375332, 0.006670649163424969, -0.024594644084572792, -0.018820373341441154, 0.0060658627189695835, 0.0034235224593430758, 0.004118307027965784, 0.03692076355218887, 0.002239149296656251, -0.038216736167669296, -0.029490532353520393, -0.043256621807813644, -0.013866886496543884, -0.007127838674932718, -0.013442096300423145, -0.006584250833839178, -0.007271835580468178, 0.030959298834204674, -0.0032363268546760082, 0.01159173808991909, -0.029058542102575302, 0.01330529898405075, -0.013298098929226398, -0.022823482751846313, 0.02030353993177414, 0.035336799919605255, -0.03519280254840851, 0.003931111190468073, 0.006577051244676113, -0.004748292732983828, -0.007117039058357477, -0.0004688893968705088, 0.0008099816623143852, 0.014284476637840271, 0.034760814160108566, -0.015983639284968376, 0.024421848356723785, 0.019641155377030373, -0.03214007243514061, -0.00606946274638176, 0.015767643228173256, -0.0088701993227005, -0.0005548374610953033, -0.003977910149842501, 0.010547761805355549, -0.01110214926302433, 0.00801341887563467, -0.004496298264712095, 0.0388503223657608, 0.002923133783042431, -0.00594706553965807, 0.010000573471188545, 0.00831581186503172, -0.0029411334544420242, 0.015249255113303661, 0.03994469717144966, -0.016199633479118347, 0.026495400816202164, 0.017754798755049706, -0.005410677753388882, -0.03738155588507652, 0.012196524068713188, 0.004377501085400581, -0.03202487528324127, 0.0020429538562893867, 0.026077810674905777, 0.011354142799973488, 0.013312499038875103, -0.018546780571341515, -0.014421273954212666, 0.02835295908153057, 0.0018170588882640004, 0.008200614713132381, -0.01581084169447422, -0.04849810153245926, -0.008467008359730244, 0.023068277165293694, -0.001272571156732738, 0.002460544230416417, 0.05345159024000168, -0.006281857844442129, 0.02963452972471714, 0.02544422447681427, 0.004705093335360289, -0.0018701576627790928, -0.0039203111082315445, -0.02008754573762417, 0.01190853025764227, -0.011260544881224632, -0.03306165337562561, -0.0235434677451849, -0.028799347579479218, -0.006699448451399803, -0.013067704625427723, -0.015882840380072594, 0.01099415123462677, 0.07119198888540268, 0.042824629694223404, -0.011750133708119392, -0.009122193790972233, -0.010929352603852749, 0.04391900449991226, -0.0011483740527182817, -0.015047659166157246, 0.013024505227804184, -0.025645820423960686, -0.0013301698490977287, 0.004352301359176636, 0.0037871142849326134, -0.032802458852529526, -0.0030437312088906765, 0.009806178510189056, -0.004071508068591356, 0.021153122186660767, -0.029404135420918465, -0.014190878719091415, 0.007361833471804857, 0.040059894323349, 0.017668399959802628, -0.005165883339941502, -0.01730840839445591, -0.002829536097124219, 0.04086627438664436, -0.024508245289325714, -0.0224778912961483, 6.9221091507642996e-06, -0.010403764434158802, 0.0008504807483404875, -0.023341871798038483, -0.031794480979442596, 0.0003464921610429883, -0.017466804012656212, -0.021815506741404533, -0.03343604505062103, -0.0019115566974505782, 0.032399266958236694, -0.014378074556589127, 0.009618982672691345, -0.020404338836669922, -0.04239264130592346, 0.0189643707126379, 0.018244387581944466, 0.01408288162201643, -0.007595828268676996, -0.03905191645026207]"
